id,name,activity_type,distance,elevation_gain,elevation_low,elevation_high,best_time,average_top_10_time,tenth_best_time,total_effort_count,total_athlete_count
8506922,montée des Avirons par D17,Ride,2088.5,101.0,62.8,163.8,256,260.1,264.0,20739,2879
19455779,Etang Salé - St Leu AR,Ride,23781.2,165.4,-25.0,15.6,1613,1778.1,1921.0,8788,1539
16141737,Etang salé Trou d'eau Etang salé ,Ride,44379.8,348.6,15.8,63.8,3861,4014.8,4091.0,4337,826
24095809,Vent dans le faux plat,Ride,1329.0,14.0,92.0,100.0,101,103.2,105.0,68119,7810
25288618,2nd Single Track RDS,Ride,659.7,2.6,53.4,57.2,111,119.0,123.0,2762,313
18788047,Nouvelle partie rds 2018 ,Ride,720.6,7.0,-11.2,-6.6,121,125.4,129.0,1717,293
8151165,voie canniere rn3,Ride,2406.2,0.0,139.3,263.0,308,319.9,326.0,18809,2368
5942362,pont ouaki/pont entre deux,Ride,2145.0,163.0,111.1,247.9,304,311.6,316.0,17738,2707
11202685,Rte des sables-usine du Gol,Ride,2097.5,15.6,7.1,17.7,122,146.3,155.0,72738,6964
17087706,Ligne droite exotica,Ride,1227.7,26.7,68.2,94.9,80,94.4,101.0,38167,4176
18036527,montee du Woaki 97421,Ride,2101.6,103.8,126.8,230.6,203,211.6,215.0,11819,2986
12928902,Rte de pierrefonds,Ride,4540.6,69.8,7.4,62.3,354,356.1,358.0,27302,3800
16903143,montée canots bb croisée lambert ,Ride,1553.0,120.6,51.1,171.7,245,302.0,323.0,1759,706
5103103,notre dame de la paix,Ride,11847.1,1106.4,580.0,1686.4,2862,3052.2,3195.0,2262,987
10729105,ST JO-PG1,Ride,6341.4,453.8,59.2,435.0,966,1036.6,1067.0,10874,1547
13728085,Montée des Lianes - Mica,Ride,4067.8,189.0,438.0,623.0,545,578.7,587.0,15198,1942
6405426,Montée L'Anse,Ride,1690.3,87.8,36.8,119.0,170,208.0,214.0,29930,4999
17258588,Tampon-Berive,Ride,3896.9,69.6,554.0,602.0,371,414.5,431.0,19739,2105
9827970,montee au stop ,Ride,5851.4,358.2,152.3,437.2,781,807.4,824.0,5845,1387
19358372,Rue du bel air,Ride,1774.0,101.3,593.6,694.9,229,262.6,282.0,4078,642
15437615,Montée Piton des Goyaves,Ride,2405.5,88.6,615.0,685.1,286,318.7,336.0,19606,2101
17073484,Piton goyave Punch,Ride,1778.8,30.9,644.1,675.0,181,197.6,205.0,23362,2470
9648074,Chemin Boissy Climb part.,Ride,5779.9,427.0,108.4,535.4,1060,1221.5,1313.0,1904,539
16876091,Rampe de basse vallée,Ride,856.3,64.4,88.8,153.2,118,119.3,121.0,19354,3327
13531564,Mer cassée - Honoré ,Ride,11296.5,203.0,16.4,151.4,850,996.2,1022.0,21663,3964
13917673,sortie enclo / église baril,Ride,14648.1,97.2,5.0,123.2,961,997.2,1003.0,16850,3037
13531634,Charmille,Ride,790.7,19.8,40.2,60.0,60,61.0,nan,21580,3509
25074512,Le Baril / Mare Longue,Ride,4133.3,9.2,71.4,97.6,292,296.2,299.0,23760,4478
13295315,crete 2,Ride,6995.6,514.6,135.0,639.8,1212,1398.5,1474.0,1437,334
13869272,Tout droit depuis Saint Philippe,Ride,3347.7,34.6,8.0,27.0,203,224.1,227.0,21070,3363
5914602,Plateau Vincendo,Ride,723.2,16.0,40.2,53.4,60,61.0,62.0,23185,4325
26760396,Descente crête ,Ride,6244.4,0.0,172.6,595.5,515,554.5,576.0,1155,330
7293370,montee panon,Ride,5392.1,420.5,22.5,359.7,786,847.1,863.0,37534,4106
6290326,Montée de Kelonia,Ride,1484.1,41.4,14.6,54.6,100,118.1,126.0,165236,9440
10957611,chemin carlonnette,Ride,5318.2,323.6,344.8,668.4,817,902.7,950.0,6944,1614
9013601,intégrale Piton Saint Leu par D11 (RN1-> panneau Le Plateau),Ride,6778.9,308.8,17.4,324.0,899,966.7,1001.0,16128,2367
6426359,Colimaçon2,Ride,2696.7,283.7,504.3,742.4,461,500.2,521.0,11124,2478
11246431,Chemin Dubuisson,Ride,4747.4,312.4,33.6,346.0,759,822.4,859.0,5665,1215
6290350,Montée de La Grande Ravine,Ride,1910.8,49.2,13.6,57.0,147,158.2,162.0,157144,9446
12317537,chemin de la surprise en entier,Ride,5415.9,471.5,15.8,423.3,1011,1049.8,1091.0,3646,1244
18965451,faux plat entrée sud st leu,Ride,1612.9,0.0,18.2,40.8,89,101.7,104.0,173942,10137
14428150,Pavillon - Cilaos,Ride,16180.0,915.4,447.0,1204.0,2588,2684.1,2735.0,11890,3955
16679858,Les Makes RD20 + RF11 montée intégrale,Ride,16074.0,1233.0,375.0,1584.0,3502,3827.6,4041.0,755,537
20270198,2 eme tunnel - centre ville ,Ride,8863.3,382.4,945.6,1205.0,1243,1268.6,1286.0,12631,3981
20059301,Entre deux - kiosque ravine des citrons,Ride,3871.2,388.9,394.8,681.8,723,790.4,827.0,3674,936
23966993,Dernier 100 d+ climb tevelave,Ride,1220.6,106.0,805.4,911.4,260,272.0,284.0,2578,1084
9083622,Dassy,Ride,982.4,0.0,478.8,557.6,130,177.7,191.0,13550,2083
16305969,Raidar final Chemin du Cap,Ride,773.5,96.6,418.5,515.1,213,225.3,236.0,1475,608
5193319,RF9b Tamarins Sud - S->N,Ride,10613.5,401.6,1673.4,1889.4,1391,1509.33,nan,578,425
3611945,Route Forestière 11 Des Makes Climb,Ride,9826.51,0.0,882.2,1578.0,1942,2077.1,2200.0,1333,785
23569699,Cilaos - îlet a corde ,Ride,9623.2,329.4,1127.0,1304.2,1201,1375.2,1507.0,910,541
2279296,"Route de Volcan climb (from turnoff, full)",Ride,16557.6,817.4,1634.8,2376.4,2596,2881.3,2985.0,2703,1354
13475334,Chemin Henri Cabeu - Mica,Ride,7529.8,529.0,835.0,1364.0,1371,1569.6,1653.0,4766,1142
22151174,La Plaine (Rond point Mairie) - Col de Bellevue,Ride,10309.8,551.2,1005.6,1556.8,1472,1782.9,1921.0,3165,1274
26486517,Bois court,Ride,3950.0,61.0,42.0,89.0,431,479.0,503.0,1087,360
13095514,Montée Maillot,Ride,694.9,70.8,1188.4,1259.2,130,138.2,145.0,986,527
16369516,19ème - 23ème,Ride,3812.8,258.6,1088.5,1340.0,614,681.7,743.0,5013,1553
13957893,Descente du Volcan,Ride,17146.5,96.6,1633.2,2378.0,1375,1473.7,1528.0,2673,1405
24959530,Rond point 17km / arrêt de bus école 19 km,Ride,1797.3,136.4,973.2,1109.6,281,307.0,336.0,5808,1677
21030026,RUE RAPHAEL DOUYERE,Ride,973.4,10.9,1352.0,1375.9,72,76.0,79.0,5644,1266
14745313,volcano cup race 1,Ride,1631.0,10.6,1869.4,2054.2,245,270.2,292.0,2013,321
18059557,Dernière rampes rivière de l'est,Ride,913.1,70.4,179.0,249.4,118,123.9,127.0,16511,3741
28266141,GP CFG,Ride,2080.1,64.3,95.4,127.1,176,195.2,204.0,568,24
6842020,Sainte Rose - Rivière de l'Est,Ride,5335.7,205.0,44.8,238.6,594,604.9,611.0,15063,3572
25739886,Slalom Montant,Ride,681.9,16.8,229.0,245.8,63,63.4,64.0,10735,1672
20393071,DH Pont Riv l'Est - Ste Rose,Ride,5095.0,11.8,31.6,212.4,301,302.5,304.0,12402,2927
15500200,chemin Touzet / citernes EDF,Ride,3081.3,359.0,513.8,872.8,892,1061.8,1155.0,135,93
25342211,dernière partie chemin Touzet,Ride,1155.0,110.6,404.2,514.8,200,231.3,246.0,633,319
19842033,Montée  Piste du Pas de Bellecombe,Ride,3145.0,90.0,2275.6,2337.4,432,501.6,557.0,743,506
8812146,Crève coeur ,Ride,4649.4,300.0,3.2,303.0,725,740.2,753.0,15164,2626
18266074,_Boucan_Saint_Paul,Ride,3946.7,21.4,24.0,41.8,237,252.11,nan,124067,8937
8215589,Eden > Grotte,Ride,10521.4,0.0,16.2,41.2,674,718.9,751.0,79975,5473
16215497,Les 3 petites bosses ,Ride,3388.6,30.6,10.4,29.8,219,235.0,244.0,106585,6317
5883162,saint paul/boucan,Ride,4094.3,0.0,10.7,83.4,276,282.1,288.0,132184,8749
5231734,Route de Cambaie,Ride,1369.7,16.3,31.6,48.7,83,99.1,103.0,84382,5202
6078472,Megavalanche Qualif Enduro Section 3,Ride,2893.1,11.1,511.7,743.3,281,289.9,297.0,4713,3193
13850972,Safer only,Ride,5051.9,396.7,497.1,869.4,1088,1145.7,1216.0,1424,257
7991500,un peu de maido,Ride,5050.1,472.0,692.4,1125.9,1126,1181.9,1223.0,4221,2112
6078450,Megavalanche Qualif Enduro Section 1,Ride,2813.3,23.6,1783.0,2021.6,374,404.7,420.0,1796,484
6035411,Route Forestière n°8 du Maïdo Climb,Ride,3843.0,337.0,1879.7,2190.9,742,836.3,879.0,4350,2093
5038710,Fleur Jaune/Grand Ilet,Ride,3807.4,486.9,696.9,1116.8,869,1070.5,1163.0,1088,593
17166939,Maïdo derniers km ,Ride,2259.4,177.2,1902.0,2079.2,418,487.2,510.0,4812,2238
14000282,Montée ch Ratineau,Ride,4035.2,391.3,403.7,708.9,686,834.2,912.0,2112,273
26427451,Grand Ilet-Fleur-Jaune,Ride,3807.0,0.0,714.0,1110.0,216,299.6,316.0,974,556
18113962,last kms dos d'ane ,Ride,2832.8,250.8,694.4,945.2,543,606.2,633.0,4410,1292
6044493,Sentier Forestier du Cap Noir Climb,Ride,1162.5,127.9,1023.0,1125.7,162,199.0,224.0,2819,771
6442655,UH Plaine d'Affouche barrière pk20,Ride,8941.1,327.2,1111.2,1386.8,1695,1998.9,2161.0,218,100
17465920,DH parking col des Boeufs -> Pont fleur jaune,Ride,13165.5,62.0,676.2,1910.0,1290,1370.9,1446.0,358,244
16212249,Monté  salazie pont rdm.mairie salazie,Ride,13522.5,0.0,128.8,712.1,1427,1447.5,1452.0,6417,1622
4426341,Chemin Menciol,Ride,1836.3,43.6,165.6,203.9,156,177.8,188.0,13036,1193
11824171,Montée Salazie,Ride,5575.2,181.0,269.6,436.8,628,630.7,633.0,6867,1735
999529,Route Departementale 48 Climb,Ride,5491.77,398.6,394.4,793.0,923,1079.8,1140.0,1713,918
19904003,Descente Salazie,Ride,5516.9,10.8,258.2,425.4,385,401.1,411.0,6416,1615
26519039,velo dos demi km vertical,Ride,2786.6,655.0,984.1,1503.9,1103,2856.2,3222.0,118,115
6873735,Monter Chemin Safer,Ride,1008.9,124.8,230.6,327.8,196,228.2,257.0,994,307
4211467,D53 Climb,Ride,1849.2,154.6,598.6,748.0,423,454.7,472.0,1791,608
22924473,Hell bourg-intervalle 2,Ride,3609.0,76.0,202.0,268.0,337,358.6,371.0,8123,2041
5754601,1ere partie,Ride,1047.3,12.7,682.5,769.7,615,835.8,992.0,38,18
18424137,Sprint Bras Panon,Ride,1179.8,0.0,89.0,110.8,62,67.6,71.0,28183,2826
19482561,faut plat Bras-Panon,Ride,3750.9,89.6,6.8,88.4,316,321.4,330.0,19674,3008
3822906,champborne,Ride,4930.95,80.9815,9.1,82.7,425,430.0,437.0,18788,2010
16726456,Retour chrono Sainte Anne,Ride,3748.5,32.6,8.0,27.7,251,269.2,277.0,18664,3378
16726429,Allé Chrono Sainte-Anne,Ride,3790.0,0.0,8.1,28.0,225,255.0,270.0,18193,2225
3602476,Chemin Beaumont Climb,Ride,2299.09,142.2,337.6,479.8,319,345.1,358.0,5221,1609
18420597,Test Takamaka,Ride,3564.6,178.0,222.4,400.4,501,517.4,534.0,3558,793
12477497,Bd Mascareignes 2,Ride,1122.7,0.0,37.5,57.3,67,67.78,nan,36018,3720
24773223,pont aux stop fractionné,Ride,1242.0,98.0,58.0,156.0,196,210.5,217.0,6240,992
14421592,Sortie campmag entrée grdlarge,Ride,1352.7,0.0,38.0,121.0,129,178.3,197.0,18673,2706
4905018,Bd des Mascareignes,Ride,1023.2,0.0,12.9,36.0,60,60.4,61.0,23377,2073
13717511,Avenue de Tamatave,Ride,1035.8,19.4,4.9,13.9,68,73.5,75.0,17122,1907
22787747,Avenue de la Compagnie des Indes,Ride,1755.0,18.2,34.2,52.4,130,132.5,135.0,8672,1652
22787816,Avenue de la Compagnie des Indes vers Le Port,Ride,1758.8,6.9,34.2,52.3,119,136.8,145.0,8954,1384
20300799,CLM championnat 2019 1,Ride,2124.0,26.0,4.2,30.4,181,191.0,196.0,113,91
11376146,Rampes Montagne,Ride,3939.3,258.0,96.0,354.0,352,561.2,603.0,17230,2319
7724403,St-François/Brulé,Ride,12142.8,753.2,-19.4,733.8,1987,2191.0,2322.0,5279,947
17517725,Chrono ravine a malheur 4 derniers kms ,Ride,4161.6,246.2,391.4,637.6,546,654.9,684.0,15337,2549
13903858,Mairie bellepierre - Village Brulé,Ride,9869.8,928.0,202.9,840.0,1787,1957.6,2037.0,3031,695
10902472,Le Brulé: second half,Ride,4708.8,290.8,529.0,819.8,672,749.5,775.0,7057,1228
10779536,Sortie St Denis->Grande Chaloupe,Ride,6866.6,26.4,-82.8,-29.4,418,431.0,438.0,14989,2109
18871083,DH Boîtes aux lettres,Ride,2061.8,13.7,436.6,647.7,227,240.4,249.0,2034,329
5188083,jamaique/barachois,Ride,5001.5,34.4,8.1,17.5,324,329.3,332.0,20893,4412
3677607,Montée de Gillot,Ride,731.412,23.694,30.8,54.5,60,60.0,nan,74838,6032
17803523,"Promenons nous dans les bois, madame",Ride,1098.4,8.2,45.8,56.0,73,80.3,84.0,69283,5722
16731692,N2002 Sainte-Suzanne,Ride,3104.7,11.6,7.0,12.0,199,201.0,202.0,33519,3990
11748450,Bagatelle (Rond point=>Boulangerie),Ride,4727.9,167.6,79.8,247.4,587,589.7,592.0,7619,1004
17926381,DESCENTE BAGATELLE - CAFES,Ride,3011.7,0.0,184.0,303.2,199,207.0,214.0,9946,1248
22551908,Monté Mathurine,Ride,758.2,49.3,115.3,161.5,100,119.3,130.0,8430,1024
14264815,Montée Sano (Paradis),Ride,3345.3,278.4,207.8,486.2,782,859.6,980.0,156,66
3933441,colosse,Ride,3141.2,0.0,14.7,27.7,234,236.2,238.0,26074,2546
13032952,Bel ombre,Ride,2010.6,0.0,17.5,27.8,142,146.9,149.0,24221,2614
12942514,Ch Brunet,Ride,1547.1,0.0,31.6,58.6,179,217.2,235.0,112,56
30538290,Chemin étang à colosse FDM,Ride,603.5,5.11948,4.7,10.7,69,82.9,91.0,472,148
33053358,Chemin Cent Gaulette,Ride,1853.6,0.0,21.8,58.5,202,216.6,235.0,77,31
30538095,Sentier colosse,Ride,1415.4,10.5875,9.6,20.8,187,194.6,201.0,1130,287
30035771,Chemin Cent Gaulette ,Ride,1808.1,39.2,25.4,64.6,240,268.3,287.0,432,106
30814102,boucle secteur rio,Ride,9927.8,77.2,29.4,99.8,817,838.1,851.0,1862,457
16220538,des ruches jusqu'à l'aire de pique nique,Run,1429.2,75.4,69.4,142.0,360,375.4,390.0,4853,1091
27337967,1500m à la sortie d’étang salé,Run,1504.5,4.0,20.0,25.0,98,257.8,290.0,25871,4293
16785240,Cot' gravier,Run,417.6,36.2,73.8,110.0,104,112.9,119.0,4384,1571
28043218,10 km du gouffre ,Run,9992.6,21.1,8.3,18.6,2249,2466.6,2596.0,27,21
19172921,Rue Octave Sprint,Run,575.6,0.0,8.4,9.4,108,116.9,124.0,3597,1465
6503608,Along the road.,Run,1888.1,16.7,20.7,73.1,425,443.2,457.0,3720,942
38970617,Sortie de ravine Mila,Run,835.0,70.0,31.0,101.0,330,363.5,376.0,776,533
13437165,La pointe de SIM,Run,1567.7,4.0,23.0,34.0,307,322.2,333.0,31536,6204
2509757,Sentier De L'Entre Deux Climb,Run,1138.21,128.8,267.0,398.0,362,406.9,424.0,37226,5526
16677227,Picos Diablo Speedy,Run,1875.0,12.0,25.0,35.0,374,397.0,412.0,23287,4997
20191842,la pente rouge ,Run,543.0,17.6,40.2,57.8,99,112.3,118.0,4530,1452
17097226,400 m sur piste étang salé,Run,400.0,0.0,12.2,19.2,60,60.0,nan,72155,1037
7210044,Up from Croc-Parc,Run,406.5,0.0,23.9,32.9,60,60.67,nan,10253,2673
11065619,sentier TUSP,Run,876.6,46.4,101.2,147.6,195,208.1,221.0,3096,853
13016933,Boulevard Plage,Run,369.3,3.7,5.7,9.4,62,63.25,nan,40384,6712
24790772,P Fontaine/Diagonal via cannes,Run,993.7,41.2,176.8,215.6,262,287.6,315.0,210,43
26777288,Partie I Chemin des Chataigniers,Run,411.4,9.2,349.0,358.2,75,86.9,95.0,7211,847
13883987,Parcours la pointe,Run,1991.6,26.1,479.4,492.7,384,417.5,437.0,55219,3133
27195684,"Challenge Langevin, départ arrêt de bus Balance / Demi tour Pdv Grand Galet et arrivée arrêt de bus Balance",Run,19436.5,477.0,48.4,457.7,4366,4850.7,5358.0,40,33
25377684,10KM nocturne La St JO,Run,9749.5,143.0,26.0,85.0,2008,2110.3,2167.0,252,143
25633828,Parking grand coude - Point vue avant le Morne ,Run,4242.9,762.0,1187.0,1868.6,2579,2872.2,3131.0,885,633
17382098,Margosiers Climb,Run,2853.9,618.7,848.8,1379.7,1770,1846.9,1932.0,4413,2056
9848268,début sentier de la fraise,Run,2728.3,299.7,720.0,998.7,1131,1164.1,1199.0,6272,4422
23427803,Usine - La Balance,Run,2849.1,0.0,42.6,118.0,555,590.7,624.0,715,303
18877094,Montee terrain aviat vers chevrettes,Run,724.6,79.6,118.2,197.8,201,239.5,265.0,910,106
5502189,Montée Foc-Foc (Kiosque Camphriers -> Crête Enclos),Run,8182.2,1609.7,686.6,2258.6,5165,5619.7,5881.0,2292,1634
19516480,Cap Jaune / Chemin Terre Rouge Climb,Run,1682.4,90.2,6.8,88.4,508,558.7,594.0,899,278
2623725,Sentier Du Tremblet Climb,Run,413.84,57.0,3113.6,3170.6,90,113.8,125.0,2632,1955
14169521,Sentier du Tremblet (Nez Coupé du Tremblet -> Piton de Bois Vert),Run,4823.0,379.0,1929.0,2261.0,2639,3159.3,3694.0,57,55
2623724,Sentier Du Tremblet Climb,Run,2134.68,196.0,2930.0,3124.8,890,990.8,1042.0,2471,1738
22950727,Chemin Terre Rouge / La Marine Down,Run,1735.6,11.2,9.0,91.8,440,523.2,565.0,398,210
22950784,La Chapelle / Intersection Chemin Mandarines,Run,1607.5,102.0,62.4,164.4,457,487.1,512.0,907,155
15415047,Gîte Basse Vallée par GR R2,Run,4573.3,524.0,87.0,609.0,2155,2424.8,2569.0,456,392
23913905,RN Crête2,Run,1253.0,36.0,641.0,666.0,308,360.4,405.0,563,55
24111369,1er sentiers Mare-longue-premier kiosque ,Run,2026.1,195.1,23.0,204.6,882,1101.4,1189.0,258,106
5367836,TEMOR St Leu (Cayenne -> Rue Begue),Run,4090.8,831.9,16.5,833.2,1888,2002.4,2077.0,17545,3799
21996348,DH TEMOR Saint-Leu,Run,4085.5,4.4,23.4,829.8,989,1055.7,1092.0,14294,3030
25993306,Fin montée avirons,Run,2312.6,100.6,273.4,368.4,652,707.0,735.0,122,76
26476407, parcours flèches bleu Ravine Des Poux - D3 ,Run,6396.0,859.0,52.0,832.0,2755,3355.2,3701.0,75,30
13438722,DH Cayenne sentier uniquement,Run,2039.5,6.0,34.0,442.0,502,542.6,578.0,23459,4471
18976887, Montée Panon 5km,Run,5018.9,308.4,19.4,327.8,1194,1395.5,1523.0,174,106
23946676,Montée Piton Calvaire (Piste VTT),Run,1684.5,264.0,484.0,744.3,699,856.5,959.0,138,34
26248683,Chemin Duguet jusqu'à la croisé ,Run,2346.2,334.2,451.3,785.5,817,1027.11,nan,172,69
10073320,Dassy A/R,Run,6770.9,873.4,241.6,518.3,2180,2265.5,2318.0,16576,2956
2905139,Le Bloc,Run,3431.87,0.0,1370.7,2484.7,2717,3026.5,3271.0,11425,7467
5194363,Dimitile - Sentier Bayonne,Run,9312.6,939.3,407.7,1240.6,6485,6732.9,7128.0,3250,1826
5129706,Montée du Taibit,Run,3723.0,714.1,1337.0,1973.0,2190,2390.2,2530.0,19553,10069
5193241,Descente du Bloc,Run,3714.6,44.7,1372.4,2454.8,1553,1670.5,1759.0,17449,10407
7000795,Montée sentier de Grande Terre,Run,1565.4,242.6,1482.6,1726.3,704,784.2,807.0,3304,1616
15785982,Burel -> Cilaos (par Ilet à Cordes),Run,12685.0,1733.7,655.3,1278.3,5521,6590.67,nan,687,516
22515482,Descente Int. Zèbre/Jument - ch. trou de terre,Run,3047.7,84.3,752.9,1220.8,782,858.3,890.0,7163,3017
11172628,DH Piton Rouge -> RF Tamarins,Run,3696.2,0.0,1868.0,2386.0,1104,1230.5,1329.0,863,682
19480646,échelles et D+,Run,1212.2,427.8,1120.8,1545.0,1050,1218.8,1330.0,1273,737
11136223,DH sentier Grand Bassin,Run,3464.3,33.0,747.0,1404.0,1181,1247.0,1306.0,9715,4300
9646226,grand bassin passerelle parking ,Run,2967.4,0.0,788.5,1348.6,1743,1858.3,1930.0,10003,4551
16625626,Mollaret climb,Run,2179.4,796.8,900.3,1495.3,1405,1577.6,1635.0,5654,2931
26520894,Dernier 450 d- descente grand bassin,Run,1943.1,8.8,693.0,1137.4,607,642.6,662.0,18067,6550
10976161,Mare à Boue -> Kerveguen (int.),Run,9135.8,662.0,1605.0,2181.0,4493,4763.8,4956.0,9347,7011
24133808,Bitume Sortie Mollaret/parking,Run,3789.0,8.6,1396.5,1618.9,713,761.2,790.0,3607,2138
21868404,"Croisement source, jusqu'au point avant avt paturage",Run,4409.7,938.0,709.8,1630.2,2761,3142.0,3258.0,5355,2749
20414456,On met les Gaz... Coin tranquille ,Run,835.0,68.0,1408.9,1472.7,174,206.6,224.0,2430,540
25043258,Mare Kerveguen - Croisement Descente Kerveguen,Run,844.4,58.8,2262.0,2304.6,337,371.3,405.0,12279,7791
8990447,Montée du rempart,Run,456.1,103.8,2227.8,2307.6,141,226.8,261.0,9257,8055
22974064,A/R dolomieu,Run,11000.5,553.0,2236.8,2492.2,4298,4934.1,5151.0,4614,4268
12013789,Montée Pl. Sables -> Orat. Ste Thérèse (+150m),Run,1440.8,224.4,2301.4,2432.5,539,598.5,638.0,4457,2700
10996721,Cratère Dolomieu -> Pas de Bellecombe,Run,5248.8,188.0,2212.8,2499.7,2024,2260.3,2360.0,5638,5286
10622067,de l'enclos au parking,Run,2122.5,31.6,2321.9,2353.4,670,694.3,717.0,2140,1707
11105741,Sentier du Rempart de la Rivière de l'Est (PR 11),Run,4183.7,426.0,2090.0,2432.0,1874,2034.4,2139.0,2487,1549
10622041,Du Parking au Rempart,Run,2129.4,32.3,2321.7,2353.6,566,625.5,675.0,1224,1148
26957414,faux plat boutik cadet,Run,491.4,13.7,267.8,281.5,105,115.3,122.0,717,137
26613992,1er partie monter citerne EDF ,Run,759.6,155.2,322.4,477.6,396,429.2,452.0,376,113
22758146,portion 2 Lamendière,Run,956.3,97.9,389.3,487.2,328,362.7,390.0,167,35
7960436,Piste Ermitage NS (Récif -> GO),Run,1374.7,16.0,4.0,16.9,262,268.7,272.0,39527,9714
13693488,Tour à la mode ouest Trail,Run,1582.1,11.0,13.0,19.0,249,288.1,307.0,22274,1366
12011461,pied vital > 1er ravito,Run,495.5,132.0,37.2,169.2,103,278.2,308.0,15807,2603
4591586,Chemin Coton Climb,Run,582.2,58.9,134.5,192.8,138,158.3,169.0,4184,1370
6974037,Golf Parcours bleu - La forêt,Run,1128.1,0.0,143.9,188.8,280,296.7,312.0,11140,2493
17909771,Grand fond - port st gilles,Run,2631.3,21.6,5.7,18.9,584,625.1,658.0,2000,1002
19820498,20% cap lahoussaye,Run,220.4,46.2,26.4,72.6,67,80.9,88.0,13842,3731
26235935,Tamarins -> cd 13,Run,1244.7,184.6,189.8,374.4,504,550.33,nan,863,221
23509586,A/R SENTIER DE BORD STADE INTERSECTION,Run,6711.0,550.0,215.0,664.0,2158,2702.8,2939.0,269,131
22028755,Plage de la Saline vers Ermitage par la route,Run,3096.5,0.0,925.8,928.0,634,664.2,694.0,865,566
21933056,TEMOR Citerne Barel,Run,3152.1,344.2,508.4,852.6,1159,1253.9,1391.0,298,59
18710683,Montée d'odane,Run,4220.7,761.0,257.0,900.0,2227,2395.7,2500.0,23797,8841
5492698,Montée du Maido (La Brèche -> Sommet rempart),Run,3163.3,892.7,1308.2,2093.6,1800,2018.7,2149.0,22209,9509
11638288,KV de la Roche Ecrite,Run,2118.5,927.0,1173.0,2096.0,2266,2584.8,2709.0,1420,1006
12093341,DH Dos d'Ane -> Deux Bras,Run,3757.7,92.0,285.2,917.0,1531,1722.3,1825.0,7970,3596
4218546,Mamode Camp/Roche Ecrite,Run,9405.6,1135.0,1213.1,2256.9,3994,4587.0,4818.0,2411,1549
10262965,Montée Aurère (La Porte -> Bord Bazar),Run,4198.1,292.3,369.5,600.8,1826,2039.6,2157.0,5539,2867
9324674,DH sentier Scout -> La Plaque,Run,5298.8,339.9,874.5,1675.8,1829,1967.8,2027.0,17813,10393
6089832,Sentier du Piton des Neiges Climb,Run,514.8,42.0,2974.4,3016.4,116,138.9,148.0,12216,8183
9503610,UH Sentier Scout (La Plaque -> RF13),Run,5448.2,840.0,921.0,1661.0,2661,3291.7,3549.0,3332,2458
4591595,Chemin Ratinaud Climb,Run,990.1,97.8,368.3,456.0,275,290.1,300.0,6387,2589
21429431,Montée Cap Anglais,Run,5080.5,1113.0,1020.0,2104.0,3393,3663.4,3855.0,3499,2177
10320785,DH belouve --> parking avant hell-bourg,Run,2666.1,136.7,971.2,1506.4,894,952.3,980.0,6729,4194
11945746,Riv du mat little .,Run,4711.4,372.6,147.6,284.6,1415,1572.6,1670.0,2558,351
10320799,Montée parkin hell bourg - panorama belouve,Run,2772.8,651.6,974.0,1508.2,1546,1660.9,1756.0,2567,1979
11327915,Cap Anglais -> Bélouve,Run,5531.4,142.4,1555.0,2166.3,1883,2178.5,2329.0,4469,2832
26541220,Raidillon ( nouvo tracé ),Run,446.6,49.6,189.3,238.9,156,165.6,174.0,1108,438
10007992,montée échelles TAKAMAKA,Run,504.5,269.6,891.0,1160.6,584,831.78,nan,261,241
16242679,Boucle Dioré,Run,2864.8,202.0,586.0,773.0,1158,1251.8,1299.0,1084,364
19807660,Boucle eden : route en haut,Run,250.0,16.6,746.2,762.8,62,65.75,nan,1080,508
25371293,montée chemin de confiance ,Run,1084.3,273.3,776.1,1049.4,698,804.8,877.0,614,122
19467754,Boucle de l'Eden,Run,15560.7,969.8,78.8,761.3,4835,5420.9,5778.0,564,221
34978325,Avirons Bois-Blanc -> Rond-point Étang-Salé,Run,2262.2,5.0,22.0,30.0,434,494.6,519.0,641,430
25426767,10kms st be,Run,10057.5,13.1,9.4,26.2,2067,2195.22,nan,235,33
12447574,Riv du ma les bas Part 1,Run,1852.3,32.1,11.1,43.2,443,494.7,521.0,1170,197
14943320,Le mur de Betléem,Run,402.2,0.0,76.3,211.5,190,289.1,337.0,2178,312
18420637,Test CAP Littoral St Benoit ,Run,2299.9,26.3,-1.9,21.5,443,496.6,516.0,7548,866
23487592,Chemin Ducroissy sens N2002 vers Chemin RDM,Run,879.0,14.2,32.6,46.8,171,184.3,193.0,1045,113
20324132,front mer RDR1,Run,2169.0,27.0,18.0,39.0,461,474.9,488.0,8371,1060
26969758,Ch Morange p1 ( croisé JB - croisé Safer ),Run,2001.2,93.3,25.5,118.8,489,543.0,624.0,155,48
19269164,Ravanales Grande Boucle,Run,2622.4,146.2,271.3,399.6,812,885.0,975.0,1178,142
15431261,Chemin des Anglais D100,Run,457.6,102.8,21.6,124.4,109,162.0,190.0,32557,12652
20346972,sprint lafarge,Run,559.5,2.0,20.0,22.0,93,97.0,101.0,14304,1564
19475331,Monter Aymerick,Run,745.0,15.0,28.0,43.0,66,139.4,154.0,8360,1706
15887867,Parc -  Port est vers l'ouest,Run,1512.3,16.1,0.4,11.4,292,305.5,311.0,19672,2289
19470930,fin parcs vers port est,Run,1548.0,0.0,22.2,24.2,296,310.0,318.0,21512,2628
21248003,Kalla 1er 8,Run,905.3,138.0,148.6,286.6,361,393.1,417.0,6924,2460
19774829,sprint 500m Pointe des Galets,Run,453.9,7.0,19.0,24.0,74,80.2,87.0,12600,1588
16844993,ROND POINT DANSEUSE - ROND POINT MAC DO,Run,1147.2,0.0,36.1,58.0,179,227.3,239.0,7833,2661
17421374,A very slow Jesse Owens,Run,1282.8,4.7,9.2,25.5,186,255.0,278.0,1950,419
21693632,rp macdo vers rp danseuses,Run,1074.0,17.0,50.0,67.0,72,191.1,222.0,7474,1650
2906977,Sentier Mercure,Run,4490.08,771.881,81.2,815.9,2087,2182.2,2273.0,18306,3621
9503288,DH sentier Mercure,Run,4509.3,18.0,98.0,836.0,1207,1300.2,1385.0,15626,3469
9117547,Descente du Colorado,Run,4800.4,29.2,44.8,616.6,1141,1309.9,1384.0,12975,7284
11277378,Colorado complet,Run,3855.7,613.0,79.0,665.0,1656,1887.7,1995.0,10264,3039
9504596,DH sentier Rampes de la Montagne,Run,1377.6,15.0,105.7,329.3,391,422.4,447.0,26067,5771
12423360,grande chaloupe / barriere,Run,2454.5,0.0,31.8,388.8,917,998.6,1044.0,26252,11633
9606560,Boucle du Pic Adam - parking à parking,Run,6703.4,662.5,726.8,1232.4,2748,2971.2,3066.0,2007,765
20275089,kiosque/robinet,Run,504.2,0.0,13.4,18.0,81,93.11,nan,67556,6883
2862763,Chemin Des Anglais Climb,Run,1057.01,135.787,101.6,237.2,347,390.2,404.0,34049,13139
16030692,Boucle Fenêtre => Ilet à Guillaume => RF Affouches => Fenêtre,Run,15851.0,895.0,448.0,1265.0,5994,6335.3,6716.0,745,426
18022134,Sainte marie- Ravine des chèvres,Run,2250.7,43.4,17.4,30.7,483,499.9,513.0,16198,2401
5359291,Ste Suzanne/Ste Marie,Run,4911.1,65.7,7.1,38.0,1057,1096.1,1135.0,5964,1382
11167397,Montée Duparc,Run,1430.8,49.9,54.1,104.0,290,332.8,357.0,3673,472
11090021,Montée La Mare,Run,754.0,20.9,21.5,42.4,147,158.6,167.0,14685,2554
12928305,Ligne droite de  La Mare,Run,712.3,7.0,31.0,40.0,115,134.8,143.0,17841,2555
24650916,Gillot - RP La Mare by AP,Run,2644.2,8.7,14.0,50.4,510,594.4,619.0,8199,1701
22999845,1 km sentier littoral sens ste marie-ste suzanne,Run,984.1,2.3,25.3,33.8,161,187.5,195.0,17190,2506
11076498,Rue vierge noire,Run,647.2,5.8,108.0,113.8,104,130.4,139.0,8441,780
18022131,Ravine des chèvres- Sainte Marie,Run,2212.1,47.1,16.5,30.5,445,472.0,484.0,16727,2504
24539301,TPC - 400 Côte ,Run,394.0,5.4,20.8,26.2,63,72.8,78.0,18407,3289
10368949,Chaussée royale - Parc du Colosse,Run,1194.5,13.7,15.5,25.2,216,225.9,232.0,5333,574
12104569,Boucle Coulée verte depuis Baudelaire,Run,1140.5,8.6,43.2,51.8,287,351.5,397.0,273,32
27798706,1000m chemin Agenor (Colosse) vers Champ Borne,Run,1009.7,2.8,31.6,37.4,142,189.4,212.0,2663,468
28864688,Montée Canal depuis la mer,Run,422.0,7.2,16.6,23.8,85,102.3,110.0,1087,236
35502587,AP021,Run,2711.0,15.0,25.0,33.0,576,615.4,638.0,787,244
29496354,de Ch lagourgue à Ch Lefaguyes  PM,Run,1058.6,0.0,13.2,19.4,161,221.1,243.0,3138,643
35502589,AP011,Run,519.0,0.0,25.0,32.0,63,89.4,97.0,10441,1183
30660751,Relance colosse-sentier litt. ,Run,1025.3,0.0,21.7,26.6,144,191.1,219.0,4396,580
29944712,Seuil TK (sens horaire),Run,1292.0,12.4,46.0,56.4,290,313.4,327.0,505,32
29944783,Seuil TK (sens anti-horaire),Run,1269.0,11.8,45.2,55.0,273,318.9,344.0,210,27
13022369,PIERREFOND ETANG SALE,Ride,6395.2,21.6,29.0,81.0,282,358.2,382.0,9738,902
23292464,Piste Cyclable parallèle TCSP-Allée des Cèdres,Ride,1000.5,11.2,42.6,53.8,61,85.9,90.0,38036,4777
20953900,faux plat aéroport,Ride,701.0,16.0,60.6,76.6,60,61.11,nan,9933,1427
22656934,N1 Bel Air - Le Gol,Ride,1402.9,2.2,69.2,82.6,62,64.67,nan,18260,1386
5881960,sentier terrain militaire,Ride,1756.1,43.4,18.0,57.0,218,241.0,257.0,1653,464
19303304,FDM l'étang retour après banc de sable,Ride,1140.8,4.4,-9.4,-5.0,112,116.1,120.0,10072,1732
25381639,Bérive-Tampon,Ride,2683.0,18.7,547.2,587.0,201,226.6,231.0,24196,2531
7222321,Ligne Bambou-Ligne 400,Ride,3352.9,205.3,266.2,466.8,455,461.3,465.0,14163,1621
18578062,Ascension mont-vert les hauts,Ride,3516.1,285.2,327.2,612.4,576,686.5,742.0,2110,756
17869157,Traversée Grand Bois,Ride,2471.6,34.2,9.0,30.7,174,176.3,177.0,29086,4758
17328510,Plaine des grègues partie dur ,Ride,1636.7,130.6,506.4,637.0,285,314.6,333.0,7607,1404
23191166,Rond Point Vincendo / Rond Point Langevin,Ride,2094.9,2.4,48.2,102.6,127,128.9,131.0,19354,3335
17267778,Lianes fin ,Ride,3687.0,224.2,181.8,406.0,591,632.5,654.0,11718,1603
15161715,Manapany Short,Ride,2381.9,119.8,51.1,152.0,236,248.0,255.0,18505,3499
10735042,G-Coude2,Ride,2422.8,466.4,701.4,1124.3,556,596.1,621.0,1326,589
14108529,Piton de Bloc,Ride,3110.5,265.8,636.0,872.7,603,662.1,723.0,790,205
5783868,Rue Claude Marion Climb,Ride,3113.0,216.8,396.2,613.0,543,637.9,685.0,1631,364
6380124,Route Forestière 38 des Camphriers Climb,Ride,7178.7,346.0,340.8,685.0,1676,1894.1,2108.0,245,94
15122400,point au sel,Ride,4003.6,37.4,25.4,60.6,232,262.6,278.0,154005,9416
7130069,Montée Stella (D11 : RN1 -> Pharmacie Stella Int. D25),Ride,2685.8,140.3,9.1,136.6,316,344.6,360.0,24723,3042
25057376,Ravine des sables Rond-Point Stella CLM aller,Ride,6629.0,52.2,-11.6,25.4,375,389.0,404.0,158257,8903
18998044,Montée Grand Fond les Hauts,Ride,635.8,40.2,363.7,403.9,63,68.0,73.0,16313,2403
26252974,Arrivée Full Saint Leu,Ride,3581.8,3.0,12.9,49.4,193,207.7,210.0,141302,8736
16653043,Bosse CD 13,Ride,594.4,24.2,395.8,420.0,60,62.6,nan,16762,2644
9951193,Chemin du cap,Ride,5630.1,516.2,-16.2,500.0,1294,1347.9,1423.0,1337,569
5193449,D16 (D3 -> Le Tevelave),Ride,2152.5,197.8,707.9,903.8,426,467.5,498.0,2580,1086
23270814,Route des sables,Ride,2924.3,9.4,10.4,19.0,165,195.4,213.0,100783,8483
20240898,sentier des sables,Ride,3146.6,5.6,23.0,28.6,199,213.6,220.0,96398,7036
10137942,Route des sables,Ride,5756.2,31.4,18.2,30.2,422,449.3,459.0,57467,5390
9083576,Rd Point le Pont / Bras de Pontho,Ride,5516.9,322.2,235.4,557.6,896,927.5,953.0,10256,1822
2163712,Impasse Jules Valles Climb,Ride,2412.12,242.542,585.7,820.2,506,548.2,581.0,6360,1533
20745147,Rte de Cilaos - La croix/Pavillon,Ride,13058.9,357.2,180.4,488.2,1420,1426.5,1448.0,11027,3645
16450409,14ème - 17ème,Ride,2042.0,137.0,820.0,957.0,250,317.7,357.0,6737,1555
13012733,Tampon-horloge Bois-Court,Ride,16051.5,791.0,524.8,1288.8,2567,3228.0,3498.0,158,89
16480624,Pont dessus dessous - Peter both ,Ride,2317.0,208.6,693.8,902.4,505,517.8,525.0,15314,4825
4918951,Cd 36 Nd de la Paix Climb,Ride,4112.7,399.4,1316.4,1715.8,1034,1140.4,1201.0,2118,999
20030980,PK27 col de bellevue,Ride,4855.2,72.8,1494.0,1557.6,477,511.0,522.0,3661,1357
12005514,Piton Sec - Nez de Boeuf,Ride,3609.6,272.4,1781.4,2053.8,419,606.4,763.0,5513,1972
16720088,Notre-Dame de la Paix par la plaine des cafres,Ride,7068.7,363.7,1419.1,1719.8,1227,1327.0,1423.0,409,260
21030068,CD 36 NOTRE DAME DE LA PAIX,Ride,1859.1,0.0,1431.8,1532.9,122,130.0,134.0,3053,995
17904297,dernier coup de cul volcan ,Ride,685.9,32.5,2330.6,2363.1,88,107.6,116.0,3726,1815
2279251,Route Du Volcan Climb,Ride,2709.96,172.0,2155.4,2327.4,452,515.8,539.0,3568,1793
22572164,Côte,Ride,916.9,29.2,131.6,160.8,72,81.5,85.0,21173,4169
2611952,Route Forestière 43 Bis Du Gîte Du Volcan Climb,Ride,1041.04,141.601,2234.5,2375.8,869,1084.5,1223.0,113,109
2509749,Route Du Volcan Climb,Ride,810.78,118.8,1956.8,2072.6,499,681.3,865.0,140,142
6560062,grande ravine,Ride,874.3,0.0,15.3,41.0,61,68.11,nan,165497,9665
7891878,Chemin armanet (montée Tois bassins),Ride,4844.0,325.1,368.4,642.5,686,744.7,780.0,19244,3082
5496510,Montée RF Maido (RF 68 Cryptomérias -> RF 9a Tamarins N),Ride,5032.1,550.3,1266.5,1741.2,546,836.6,1068.0,4791,2311
2611963,Chemin Vaudeville Climb,Ride,2322.44,176.665,1251.8,1427.1,488,523.4,563.0,700,340
18739062,ROUTE FORESTIERE MAIDO,Ride,7561.6,539.8,1050.8,1590.6,1851,2260.6,2545.0,381,139
8956639,DH Simanbry,Ride,2213.5,0.0,1445.0,1753.2,218,237.8,253.0,972,265
2509796,Sentier Du Grand Bénare Climb,Ride,1704.42,432.2,1516.8,1949.0,410,2452.3,3387.0,31,32
6731169,Chemin des Orangers Climb,Ride,1017.1,171.1,1149.9,1304.2,133,145.9,155.0,788,501
5485443,Chemin Ilet A Bourse Climb,Ride,552.2,140.4,825.2,966.6,494,691.2,780.0,85,65
20269944,Mare séche - Cilaos,Ride,2204.6,109.2,1118.2,1227.4,280,315.7,335.0,14594,4223
12273627,Montée de Terre Sainte,Ride,803.8,28.6,11.3,39.9,83,97.9,104.0,13035,3034
21584352,Dernier Kilomètes Cyclo-Civis,Ride,1225.8,0.0,66.4,77.0,97,99.5,103.0,18536,3892
24883480,descente CCI,Ride,2129.2,0.0,15.6,140.7,150,161.9,166.0,2542,894
19355320,Croix jubile école rond point aubépine ,Ride,1074.4,39.9,59.0,96.9,126,141.1,156.0,1327,531
20114271,Descente de l'Anse,Ride,1173.7,0.0,40.8,112.1,52,54.7,56.0,25994,4161
16618130,Chemin Sylvain Vitry Climb,Ride,839.1,55.0,159.4,214.4,127,138.7,146.0,684,121
22475082,* D29: Montvert les Bas - Ravine du Pont,Ride,5493.2,165.2,342.4,460.4,694,743.7,790.0,1420,507
16179740,Montée chemin Fortuné Grosset : Le mur du sud!,Ride,2025.5,212.0,443.0,655.0,609,638.7,689.0,54,36
19158567, Croix Jubilé/Bois Noirs,Ride,1809.0,21.6,68.8,90.4,144,152.4,154.0,19288,4209
2611967,Rue Louis Blériot Climb,Ride,1800.95,90.838,54.3,145.1,200,206.3,212.0,18856,3233
24336204,Chemin safer ,Ride,4975.2,344.4,279.4,623.8,1179,1320.7,1460.0,197,36
14081391,gîte BB,Ride,7443.6,532.0,51.1,583.1,1891,2060.22,nan,156,105
28796191,RF Mare Longue (RN à chemin Ceinture),Ride,1594.7,82.5,22.4,104.9,275,309.2,342.0,127,67
18964434,Descente maison pointue ,Ride,2710.4,2.0,18.8,158.1,181,182.4,183.0,21580,2883
13234063,UH1 foret etang salé,Ride,112.5,15.0,88.6,103.6,17,20.3,22.0,6545,840
13592386,Balle trappe short climb,Ride,1050.3,69.2,63.9,133.1,199,229.9,242.0,2895,523
15822384,Bosse clm raid des sables ,Ride,693.9,51.6,50.6,102.2,113,136.5,151.0,5359,669
22858850,Rond point solard discount Rte des sables,Ride,5443.0,5.0,7.0,28.0,444,461.8,473.0,26356,3615
22495117,Pont RSE (SL-SP),Ride,512.9,2.0,42.2,44.2,24,32.9,36.0,43018,5046
17238108,Saint Louis - L'Étang Salé,Ride,2947.2,6.8,7.2,17.1,169,186.4,197.0,15620,2854
21941354,Partie 4 voies. ,Ride,1942.3,2.0,12.2,15.6,84,106.6,112.0,16602,1346
22858392,Parking Golf Rond Point Solard Discount,Ride,5589.0,24.0,14.0,34.0,442,466.8,472.0,18120,3394
21914853,Monté Terrain Cross,Ride,450.9,42.4,132.8,175.2,69,80.6,89.0,1586,333
13850157,Pharmacie bois do - pont blanc,Ride,2777.6,100.2,159.6,259.8,275,316.9,323.0,10129,2022
5309499,Sentier de l'Entre Deux Climb,Ride,1629.1,87.0,392.2,479.8,247,260.6,269.0,12590,2099
22344971,Descente Entre-Deux,Ride,2302.7,4.3,260.1,403.9,143,159.4,165.0,11690,2084
8107242,Chemin la Ouette,Ride,999.8,56.6,22.6,79.2,133,149.3,155.0,3704,1006
12851670,Tampon to the 14th,Ride,5022.8,277.3,544.8,816.1,613,759.2,831.0,6106,1033
14733462,Hubert delisie a ia pointe,Ride,624.0,6.0,528.4,534.4,45,46.2,48.0,26170,2648
14446097,Ancienne route mc do - rond point ,Ride,847.4,39.2,427.4,466.6,97,106.0,110.0,15494,1707
24959481,MAMZEL vers CARRE VERT ,Ride,1391.8,2.0,564.2,594.6,111,117.2,123.0,8016,1320
16788330,Forêt du rond ,Ride,838.6,113.9,705.2,819.1,235,250.3,262.0,379,226
5973323,Chemin de Cap Blanc Climb,Ride,441.9,133.6,376.5,508.6,81,105.0,116.0,939,469
5882748,3eme palier,Ride,164.9,13.8,871.4,885.6,25,32.8,37.0,1788,318
4643362,Chemin Fonds Creux Climb,Ride,1839.5,85.4,586.4,671.8,220,245.9,260.0,6920,1639
21584299,Descente Emaus,Ride,718.4,0.0,90.2,94.6,40,45.6,47.0,42518,5682
21584314,Route de pierrefonds,Ride,2257.0,0.0,72.6,94.6,142,158.3,164.0,38204,5158
16537016,rpima 3/4 fdm pierrefonds,Ride,1709.4,16.2,22.8,28.0,166,173.3,180.0,4263,1090
21126751,Piste après aéroport,Ride,1154.4,3.6,6.8,13.0,106,124.7,132.0,4480,947
15195369,Full gas - Full south!,Ride,6323.4,23.0,12.1,48.1,333,367.2,387.0,150060,9420
21977568,Monté Pointe au Sel,Ride,520.1,13.4,-28.4,-15.0,23,33.0,37.0,166071,9859
7376213,5K Climb Etang Sale,Ride,5245.2,480.2,60.6,540.8,1170,1290.6,1361.0,1257,585
14704920,Ravine --> Petite-Ile - Manapany,Ride,2360.4,41.0,606.0,647.0,234,245.8,255.0,16018,1845
5860767,Montée Plaine des Gregues,Ride,3667.6,210.2,449.4,659.0,570,623.4,649.0,3575,1001
2192136,Route Forestière N°8 Du Maïdo Climb,Ride,17167.2,1497.6,700.8,2197.0,3833,4140.2,4334.0,2592,1426
1734831,Sentier Du Piton Des Neiges Climb,Ride,6011.74,1657.4,1489.3,3029.5,2551,4080.3,6379.0,87,81
21539703,ilet à cordes - cilaos,Ride,10556.8,493.8,1103.6,1311.2,1505,1730.7,1839.0,708,466
12090666,Col de Bébour - Est,Ride,1926.4,168.2,1185.8,1354.0,420,464.4,484.0,938,490
7337448,Petit coup de rein,Ride,390.8,18.0,21.8,39.4,24,27.0,30.0,27994,2733
4365267,St Benoit Montée 1,Ride,639.8,25.1,9.5,33.5,46,49.6,52.0,27559,3426
7001496,montée morange,Ride,4825.0,256.2,19.1,270.6,638,644.6,663.0,4287,673
12090521,Rd-Pt Plaines - Pl Palmistes,Ride,16985.7,951.8,29.4,981.2,2896,3045.3,3202.0,1760,671
15618288,Monter départ pont payet ,Ride,6088.0,393.8,519.8,913.6,974,1024.6,1062.0,4688,1591
4211466,D53 Climb,Ride,4998.7,368.6,240.6,600.4,989,1030.8,1057.0,3020,763
9617370,chrono ravine à malheur 2015,Ride,10202.4,613.0,32.2,645.2,1539,1620.1,1658.0,13285,2429
19137610,RDL - Grande Chaloupe-Possession,Ride,4082.0,4.4,-4.4,-1.0,209,227.3,242.0,31764,3428
15710766,Dos dane hard,Ride,9717.5,833.3,180.3,947.0,1775,1851.0,1917.0,2314,1020
22661078,Descente Route de Cambaie,Ride,1887.9,5.4,68.6,87.6,123,128.4,131.0,76219,5792
6675446,Route du Littoral Climb,Ride,379.5,99.7,14.3,101.6,18,19.9,21.0,36668,4416
18533340,10 tours vélodrome Cambaie,Ride,16251.5,54.9,6.8,13.0,1397,1452.8,1540.0,2132,231
12445352,adams climb,Ride,362.2,44.1,245.8,289.9,59,69.11,nan,392,127
11414645,Rav. des Chèvres N2002 Est-Ouest,Ride,468.5,38.2,29.6,67.8,37,42.9,46.0,30029,3276
22950845,4 KM les plus dur - Départ Bassin Bœuf ,Ride,4094.3,377.7,351.9,729.6,850,1010.4,1061.0,2184,614
5299607,Fin Piton Fougères,Ride,5114.1,615.4,521.4,1124.8,1556,1652.0,1766.0,848,363
25311365,Sur la piste cyclable,Ride,1826.0,11.0,46.6,62.2,98,104.4,109.0,43303,4597
6470986,UH Le Brulé / Mamode Camp,Ride,4676.2,698.9,873.3,1221.0,870,985.9,1045.0,2615,728
5244998,Sainte-Suzanne centre ville,Ride,546.7,29.0,11.2,40.4,42,49.0,52.0,37461,4186
24846934,sprint pont rivière du mat vers rond point vidot,Ride,489.1,7.8,136.2,144.0,32,35.7,38.0,28984,3343
15981338,Retour du championnat par équipe,Ride,8657.2,23.2,9.0,82.7,619,635.6,640.0,17546,1476
18242080,Ligne droite Bois Rouge full gaz!,Ride,603.8,0.0,-212.0,-208.4,33,35.0,37.0,13608,1464
21863777,chemin sarabe eglise,Ride,661.8,16.2,192.4,202.1,52,57.3,59.0,10471,1258
22578687,Piste cyclable de l'Etang Salé,Run,1972.8,0.0,8.9,16.1,94,336.1,388.0,28512,4778
14095875,pont du golf - fin piste cyclable,Run,2772.2,14.0,-8.0,-2.0,504,534.0,555.0,20865,3915
10795091,Chemin des accacias downhill,Run,2220.0,22.2,673.2,904.6,393,415.5,430.0,564,431
15270766,Montée raid !!!,Run,335.6,33.6,-118.4,-84.8,81,92.0,102.0,4108,682
23235965,Montée Bellecombe haut,Run,1641.6,143.3,513.5,654.7,506,540.4,563.0,691,432
13184166,Passerelle en haut / Passerelle en bas - Mica,Run,1383.5,0.0,241.7,399.0,330,350.2,363.0,39336,5541
24428359,Dernier Lacet Dassy,Run,293.2,35.2,475.4,510.6,8,50.6,60.0,59492,5582
13148571,sommet roselie zebre,Run,4188.9,843.6,500.1,833.8,1941,2017.8,2094.0,10616,4266
16585357,Montée Tapage - Piton Cabris,Run,2680.9,380.0,816.0,1196.0,1146,1234.9,1282.0,2960,1323
11144469,vers nez de boeuf,Run,183.2,22.8,2045.4,2068.2,7,35.9,51.0,6997,3568
5880897,Sentier de la Rivière des Remparts Roche Plate Climb,Run,1320.3,304.8,1074.3,1369.1,838,871.9,890.0,4449,2073
5193344,Sentier Grd Galet - Grd Pays -> Plaine des Sables,Run,3754.2,0.0,1220.1,2224.0,3464,3608.9,3697.0,2801,1935
4591531,Chemin Bruniquel Climb,Run,1026.3,214.8,82.9,296.6,502,584.3,621.0,5677,1253
4162980,descente Piton des Neiges/Gite,Run,2776.1,34.7,2493.0,3034.0,943,1068.5,1137.0,11751,7933
17856181,sentier jacky isnard climb,Run,7593.5,1051.8,1509.5,2192.2,3942,4250.5,4583.0,1445,1021
19482776,Descente Eden : Belvédère - début béton,Run,6981.2,193.0,141.0,682.9,1626,1845.0,1997.0,865,299
26969116,Ch Morange ( montée depuis patisserie ),Run,4866.9,240.9,19.6,260.5,1235,1390.0,1557.0,97,32
24729564,faux plat la Marine,Run,266.3,5.9,15.1,21.0,2,14.8,31.0,13357,1311
11144452,montée piton misére,Run,1533.6,160.4,1781.8,1941.4,683,756.1,788.0,1904,1361
6666087,Tour Palmiste,Run,1642.7,30.5,1046.6,1073.2,256,276.4,290.0,3224,475
9974915,Chemin des Anglais (Possession -> Fin sentier St Bernard),Run,7906.2,716.5,19.0,359.0,2941,3076.3,3284.0,21266,10709
16677351,Haut grd chaloupe-> barrière possession,Run,4507.7,146.0,20.2,231.6,1287,1357.8,1433.0,8308,3139
24552186,Dos d'ane-stade Halt-la,Run,5419.0,33.0,251.0,902.0,1199,1261.9,1329.0,6286,2807
13181922,montée la jamaique,Run,969.8,19.2,11.0,30.2,42,178.5,209.0,25453,3634
4218616,DH Gite des Chicaux/Mamode Camp,Run,5223.1,64.5,1218.9,1843.1,1553,1645.7,1771.0,4859,2728
23792978,Parking - Escaliers 1 RDM les Bas,Run,1951.6,66.4,136.8,182.6,541,606.56,nan,2454,557
19793548,Boucle de l'Eden : complète,Run,17591.0,827.6,63.8,762.8,5290,5938.9,6345.0,409,167
24545756,Galet - fin de montée boucle RDM,Run,2335.9,136.7,141.7,267.0,789,880.4,916.0,2591,403
26190794,Chemin colonial: Champborne--> embouchure RDM,Run,2523.6,6.0,10.4,26.4,562,613.5,643.0,943,290
22336782,Descente renaissance RA,Run,1736.2,3.5,10.9,110.5,322,346.6,363.0,340,163
22990358,Faux plat pond Mulat,Ride,543.0,2.0,15.0,17.0,26,28.4,30.0,159795,9406
24329234,Debout Sur les Pédales,Ride,360.8,19.4,13.8,33.2,29,34.4,37.0,23798,3784
24095776,Demi-tour drifté chauffe la gomme !,Ride,341.0,7.0,95.0,102.0,8,36.3,44.0,1511,643
5321310,BAS3 Raid des Sables,Ride,270.1,11.1,34.5,45.6,29,34.4,37.0,3429,834
3624193,Chemin Juliette Dodu Climb,Ride,356.123,103.134,146.5,247.8,9,17.6,20.0,20732,2854
23364395,Pont RSE (SP-SL),Ride,504.3,0.0,57.0,60.6,26,27.8,29.0,46458,5053
23259830,Ravine du Gol-Avenue Pasteur,Ride,351.7,3.8,35.0,38.8,25,26.0,27.0,36519,4473
26244555,Monter derniere coulée 2007,Ride,693.4,26.7,115.8,142.5,45,54.1,57.0,17568,3422
13695071,cote les oranger,Ride,379.1,13.0,226.2,239.2,25,26.0,27.0,9177,1795
26244737,Faux plat Bonne Esperance ,Ride,346.2,16.4,89.5,105.9,30,35.2,38.0,16090,3792
3896321,faux plat station St Gilles,Ride,680.176,19.4951,11.4,30.9,38,45.4,49.0,116140,7394
19411268,Kom 4 voie st andré,Ride,684.0,0.0,79.0,87.0,27,33.4,37.0,5795,1455
21795226,Final Clm Tour 2019,Ride,467.9,7.6,13.1,17.0,18,24.4,28.0,4193,1165
4904950,Rue Paul Verlaine,Ride,640.5,11.1,23.4,34.5,52,56.3,57.0,6150,1725
1454003,Route Du Littoral Climb,Ride,327.08,103.384,19.9,111.9,14,18.4,20.0,14518,2017
15890269,SENTIER THEO 1,Ride,412.7,5.0,580.1,660.3,46,48.7,52.0,3179,339
14904081,Gillot,Ride,590.5,6.9,39.0,45.9,38,42.3,45.0,44862,1695
27128653,Sentier Beau Rivage,Ride,585.4,0.0,17.6,21.2,37,38.9,40.0,26983,2926
17848934,Le petit chauffe cuisse,Run,264.7,21.0,34.0,55.0,22,40.0,45.0,12805,2324
19834495,Cote gravier Antenne,Run,125.6,18.8,50.0,68.8,2,18.3,24.0,10971,1777
25335968,Pente Para 2,Run,126.1,20.4,64.2,85.0,10,18.6,23.0,8810,1552
18720584,piste chatoire,Run,296.3,0.0,503.6,505.0,30,37.0,41.0,88839,463
14873476,Grande Anse - 2,Run,155.5,26.0,61.0,87.0,30,43.4,50.0,21749,2330
13891414,Sprint trou d'eau,Run,172.6,4.1,10.6,14.7,5,16.7,23.0,9402,3455
14515224,400m sarda,Run,397.2,8.7,91.6,97.3,38,46.7,51.0,91325,638
6271874,Entrée de Saint-Louis,Ride,377.4,16.2,18.4,33.0,26,28.2,29.0,51372,5017
23351710,Dernière Ligne Droite RN5,Ride,389.3,0.0,66.6,83.6,17,20.11,nan,14280,2345
21254336,le faux plat des belles filles,Ride,619.4,12.6,39.2,50.8,36,41.4,43.0,42584,5680
14680296,sortie sud grand brulé,Ride,505.7,14.0,189.8,203.8,38,39.1,40.0,18678,3464
23631767,vrai pente maingnard,Ride,370.8,20.6,749.0,769.6,42,44.7,48.0,7844,1835
10132293,Sprint 20'' panneau sortie Saline Ouest/Nord,Ride,298.0,0.0,7.2,9.1,5,14.2,17.0,134137,8462
6080637,Dernière montée Cilaos,Ride,4705.6,272.2,933.0,1194.0,676,727.6,748.0,14043,4191
15742631,mare à poule d'eau - Hellbourg,Ride,1601.5,153.4,729.1,882.5,282,357.1,385.0,2230,994
6795561,Montée Bras Rouge,Ride,1145.1,59.0,1337.1,1369.7,126,203.6,247.0,1226,728
20567431,Descente Cilaos - Bras de Benjouin,Ride,4808.5,7.4,906.2,1162.8,340,372.1,379.0,8518,2997
23657576,Plateau bègue - le bloc ,Ride,2320.8,39.0,1383.6,1406.4,192,207.9,215.0,1430,656
6790444,Montee Bras sec,Ride,1285.0,156.8,1269.9,1405.6,144,208.8,237.0,4170,1685
22261811,ligne droite la petite plaine,Ride,672.6,10.9,1076.0,1086.9,51,53.1,54.0,4884,653
3611996,Rue De La Republique Climb,Ride,3007.96,126.2,1078.2,1204.4,381,438.5,463.0,3609,1389
12090702,Col de Bébour - Ouest,Ride,1096.2,6.8,1389.2,1396.0,186,197.5,204.0,851,507
27173670,UH Début lacets - aire pic-nic,Ride,4239.9,241.8,393.6,633.0,689,720.7,733.0,2982,770
11361681,Takamaka View Point,Ride,614.6,182.7,777.1,956.9,89,109.9,122.0,1693,627
3602475,Avenue Du Stade Climb,Ride,1928.16,107.4,908.8,1016.2,274,294.7,310.0,405,226
18982328,Cambourg,Ride,9030.0,101.0,211.0,296.0,791,810.6,816.0,7038,1464
22449406,Chemin Ceinture,Ride,9284.3,28.8,256.2,341.0,725,735.2,742.0,4696,1437
12291153,FP Chaussée Royale Ouest/Nord,Ride,1872.4,5.4,8.2,13.6,129,136.2,141.0,47818,4279
7171769,Chemin Cabot,Ride,2292.7,256.0,397.6,652.4,577,614.9,645.0,392,170
20300134,Montée La Plaine - Bois de Nèfles (rd point),Ride,6036.0,315.8,128.6,433.6,984,1029.6,1109.0,2307,853
20587396,climb guillaume,Ride,1405.0,105.0,521.0,626.0,210,240.1,264.0,7584,2509
15397220,Sprint vival,Ride,340.5,0.0,448.8,453.4,22,23.5,24.0,14350,1989
15438760,Pichette- Dos D'ane,Ride,8238.6,623.6,422.4,1046.0,1628,1730.8,1822.0,3023,1044
1605623,Impasse Du Rouler Climb,Ride,3136.11,215.117,28.5,227.4,463,497.5,526.0,5886,928
23930983,DH P21,Ride,440.1,0.0,600.8,684.0,51,57.8,62.0,975,87
18095812,Salazie Mare à vielle place,Ride,9073.9,439.4,487.2,914.2,1488,1537.8,1576.0,1970,738
6380168,Chemin de Montauban Climb,Ride,1293.6,95.6,227.8,322.6,189,301.2,333.0,811,123
23287499,DH piton fougère,Ride,7638.1,0.0,335.4,1133.8,695,725.0,752.0,715,319
6473003,DH Grand Figuier,Ride,4604.1,0.0,518.5,1587.6,446,804.89,nan,59,30
19844268,UH route du Piton fin,Ride,1419.7,183.3,554.6,716.1,283,367.2,406.0,2626,456
4591708,D 43 Climb,Ride,778.4,132.9,643.1,750.4,123,134.4,140.0,7488,1260
7101288,Montée 1 classique des cannes 2014,Ride,3982.1,134.8,49.2,184.0,460,527.2,553.0,2420,268
19490984,Sprint a la vitesse du son,Ride,819.3,0.0,273.2,321.6,30,37.8,42.0,6631,1671
4426309,Bagatelle/Radier Haut Riviere Ste Suzanne,Ride,8077.2,575.9,269.4,784.8,1531,1693.9,1783.0,1792,557
4426387,Bellevue,Ride,2443.4,143.9,27.2,165.8,358,366.78,nan,2637,629
19424805,Intervalle 1,Ride,1569.0,28.0,3.0,29.0,110,121.6,129.0,26156,2622
19424842,Dernier intervalle,Ride,3604.0,31.0,7.0,41.0,248,255.6,259.0,13361,2217
15988438,Aller circuit XC,Ride,1507.6,8.2,20.2,24.0,193,204.3,215.0,2349,319
23026489,Ligne droite GP BRAS-PANON 2020,Ride,776.5,0.0,41.6,48.4,53,54.2,55.0,9784,381
21511293,Descente Gp Saint-Benoix,Ride,2302.6,7.8,53.8,105.6,167,167.7,168.0,3631,582
26707367,Montée chemin Harmonie ,Ride,1938.7,79.0,47.6,124.1,333,405.22,nan,193,66
22597540,Berges marsouins vers rivière des roches ,Ride,4207.5,36.7,4.4,28.9,550,590.9,626.0,792,169
27669487,DH lotissement du golf,Ride,326.5,0.0,320.8,367.8,48,59.5,67.0,423,51
6579044,DH Marron,Ride,995.0,0.0,508.8,648.0,125,132.1,139.0,578,105
17189653,Station Engen / LaCroix,Ride,6260.1,220.0,444.2,634.6,706,730.8,754.0,10910,1823
25141425,LA CROIX - PLATEAU,Ride,753.6,2.6,602.9,608.5,54,57.3,60.0,20409,2701
1454004,Chemin Des Anglais Climb,Ride,554.114,124.723,19.6,137.1,28,29.7,32.0,37009,4430
6421494,UH1 Saint François,Ride,5002.3,336.8,49.6,386.4,823,893.8,927.0,8056,1249
10558568,Prologue tour de Réunion,Ride,343.7,0.0,11.4,11.4,15,15.5,16.0,700433,867
24121450,Montė devant la gare ,Ride,300.3,5.4,11.8,17.2,4,18.7,22.0,26843,4859
17987802,Domenjod stade=> stop,Ride,852.9,55.8,140.8,196.6,123,133.9,146.0,1515,385
17357310,Vers pizza,Ride,724.8,19.1,67.6,80.7,43,51.1,56.0,32471,2379
25984968,Mairie bellepierre - First radio - RBE,Ride,4793.8,302.6,198.0,500.6,877,958.5,995.0,3512,746
17139052,Phare Ste Suzanne to Convenance par sentier littoral,Ride,2761.3,0.0,38.4,58.2,253,279.3,296.0,14874,2362
25739498,Sprint Tcsd ok,Ride,336.0,15.0,126.0,141.0,26,34.6,37.0,15386,1534
23990240,aller niagara,Ride,903.7,4.0,-10.0,-6.0,78,87.6,93.0,4961,1691
27362611,RD51_Ligne_Droite_Ravine_des_Chèvres,Ride,614.4,29.8,128.4,158.2,71,74.0,76.0,15019,1535
19068705,Bout droit St Suz->Ste Marie SLN,Ride,876.0,0.0,48.4,55.6,72,76.2,81.0,16815,2623
24121492,Dernier coup de reins ST,Ride,526.2,3.7,35.0,38.7,44,50.8,53.0,11676,2391
3823161,ste suzanne Up,Ride,1206.92,61.6521,7.0,68.1,99,108.6,114.0,2863,892
17697373,Pierrefonds Cap Long,Run,2334.0,0.0,24.0,28.0,489,506.9,517.0,8578,2502
25573362,1000 m chemin l'étang ,Run,1002.0,18.8,-13.8,19.2,31,179.3,203.0,14604,2833
25573694,1000m retour l'étang,Run,999.0,15.4,-0.6,23.6,186,197.4,203.0,14657,2926
17932326,va plus vite si tu veux t'envoler 2,Run,2125.0,2.2,2.8,11.5,440,476.5,485.0,6225,2223
22940204,chemin etang du gol retour,Run,2870.0,4.0,20.0,24.0,568,599.9,631.0,8767,2199
20912747,ptitour,Run,3837.5,21.6,59.0,75.6,877,1018.8,1107.0,135,64
23615508,1ère partie RN5 Cilaos Road,Run,1356.8,45.4,200.6,246.0,333,362.6,378.0,938,165
20369030,Bas Chemin Piton,Run,1403.2,38.0,65.4,98.0,337,374.6,409.0,798,118
8418508,Boulevard Hubert,Run,1305.9,8.0,-22.0,-19.0,193,235.8,246.0,46093,10793
17372679,Montée directe piton mont vert,Run,129.3,55.6,539.4,595.0,8,31.3,47.0,1632,574
13499424,Piton Babet,Run,407.2,94.2,10.2,104.4,116,163.5,184.0,12691,924
26037454,A.R. Parking - Plateau du Morne ,Run,9792.4,1077.6,1229.0,2247.4,6124,7664.7,8442.0,187,122
5880895,Rue Petite Plaine Climb,Run,564.3,150.4,669.9,807.3,289,371.1,409.0,4937,2065
23143573,Chemin canne,Run,1710.2,0.0,394.4,557.5,332,402.0,433.0,653,178
22823466,"Basse Vallée ""Kiosque-La Roche""",Run,2641.5,830.3,721.1,1551.4,2574,2720.1,2890.0,2458,1737
5371203,Route Forestière 38 des Camphriers Climb,Run,1204.2,92.8,617.7,681.6,315,328.0,333.0,2196,1520
22762335,Sentier Mare Longue,Run,2084.6,405.3,143.5,548.8,1479,1832.2,1975.0,257,165
26744983,Sentier Payet jusqu'à l'intersection route forestière,Run,1790.3,247.4,693.4,934.0,902,998.3,1086.0,291,109
17456585,montee jacq payet,Run,3434.4,551.0,879.4,1425.6,2166,2384.3,2596.0,119,108
22727831,FDM,Ride,1346.7,9.5,6.1,10.8,105,115.0,119,26277,3826
21670870,entrée terre sainte sud ,Ride,460.4,3.2,89.8,93.2,35,38.1,40,22282,3721
19314912,Pierrefond nouvelle route domaine cafe vers rpima ,Ride,1799.4,14.5,49.0,58.2,146,153.0,161,17336,3237
8323432,bassin plat,Ride,1156.2,50.8,78.2,129.0,139,146.8,156,6210,1197
19279513,Front de mer sud aller papy ,Ride,1777.9,18.4,5.6,11.4,158,161.5,165,23048,4515
19918471,Marius et ary le blond sous préfecture ,Ride,1812.9,38.8,18.0,42.7,191,209.1,218,2393,976
6405400,Chemin Neuf,Ride,3755.2,54.6,105.8,154.0,319,322.5,325,30829,4089
19060674,Descente foufou manapany ,Ride,2501.2,52.7,51.1,152.0,142,143.3,144,27240,4650
14144666,Bosse sortie Plaine des Grègues - Mica,Ride,596.2,50.0,655.0,705.0,91,108.3,119,6532,1196
26887922,Descente croisée Bezaves à croisée Goyaves,Ride,6370.9,0.0,62.3,426.3,460,479.1,487,5290,1116
13091557,papaille,Ride,1277.8,45.5,41.9,80.4,111,112.1,113,19265,3704
16656798,Chemin de ceinture complet,Ride,4680.0,248.0,56.0,304.0,855,953.5,1065,412,88
5371163,Chemin de Ceinture Climb,Ride,1601.8,95.1,12.8,99.6,261,307.3,357,429,122
